Название кампании,Группа объявлений,Регион,Ключевая фраза,Тип соответствия,Заголовок 1,Заголовок 2,Текст объявления,Отображаемая ссылка,Ссылка на сайт,Быстрая ссылка 1,Быстрая ссылка 2,Быстрая ссылка 3,Быстрая ссылка 4
Поиск - Горячий спрос,Срочный выкуп,Хабаровск,срочно продать машину хабаровск,Фразовое,Срочный выкуп авто за 15 минут,Деньги сразу наличными!,"Выкупаем авто в любом состоянии. Битые, кредитные, без документов. На 15% дороже конкурентов. Оценка бесплатно.",avtovykupkhb27.ru,https://avtovykupkhb27.ru?utm_source=yandex&utm_medium=cpc&utm_campaign=search_hot&utm_term=srochno,Узнать цену авто,Позвонить,Битые авто,Кредитные авто
Поиск - Горячий спрос,Срочный выкуп,Хабаровск,выкуп авто хабаровск срочно,Фразовое,Срочный выкуп авто за 15 минут,Деньги сразу наличными!,"Выкупаем авто в любом состоянии. Битые, кредитные, без документов. На 15% дороже конкурентов. Оценка бесплатно.",avtovykupkhb27.ru,https://avtovykupkhb27.ru?utm_source=yandex&utm_medium=cpc&utm_campaign=search_hot&utm_term=vikup,Узнать цену авто,Позвонить,Битые авто,Кредитные авто
Поиск - Горячий спрос,Срочный выкуп,Хабаровск,куда продать авто хабаровск,Фразовое,Срочный выкуп авто за 15 минут,Деньги сразу наличными!,"Выкупаем авто в любом состоянии. Битые, кредитные, без документов. На 15% дороже конкурентов. Оценка бесплатно.",avtovykupkhb27.ru,https://avtovykupkhb27.ru?utm_source=yandex&utm_medium=cpc&utm_campaign=search_hot&utm_term=kuda,Узнать цену авто,Позвонить,Битые авто,Кредитные авто
Поиск - Горячий спрос,Срочный выкуп,Хабаровск,продать машину срочно за наличные,Фразовое,Срочный выкуп авто за 15 минут,Деньги сразу наличными!,"Выкупаем авто в любом состоянии. Битые, кредитные, без документов. На 15% дороже конкурентов. Оценка бесплатно.",avtovykupkhb27.ru,https://avtovykupkhb27.ru/srochnyj-vykup-avto?utm_source=yandex&utm_medium=cpc&utm_campaign=search_hot,Узнать цену авто,Позвонить,Битые авто,Кредитные авто
Поиск - Горячий спрос,Срочный выкуп,Хабаровск,автовыкуп хабаровск,Фразовое,Срочный выкуп авто за 15 минут,Деньги сразу наличными!,"Выкупаем авто в любом состоянии. Битые, кредитные, без документов. На 15% дороже конкурентов. Оценка бесплатно.",avtovykupkhb27.ru,https://avtovykupkhb27.ru?utm_source=yandex&utm_medium=cpc&utm_campaign=search_hot&utm_term=avtovikup,Узнать цену авто,Позвонить,Битые авто,Кредитные авто
Поиск - Горячий спрос,Битые авто,Хабаровск,выкуп битых авто хабаровск,Фразовое,Выкуп битых авто за 15 минут,На 15% дороже конкурентов,"Покупаем авто после ДТП в любом состоянии. Оценка за 15 минут. Деньги сразу наличными. Эвакуация бесплатно.",avtovykupkhb27.ru,https://avtovykupkhb27.ru/vykup-bityh-avto?utm_source=yandex&utm_medium=cpc&utm_campaign=search_hot&utm_term=bitie,После ДТП,Не на ходу,Оценка онлайн,Позвонить
Поиск - Горячий спрос,Битые авто,Хабаровск,выкуп авто после дтп хабаровск,Фразовое,Выкуп битых авто за 15 минут,На 15% дороже конкурентов,"Покупаем авто после ДТП в любом состоянии. Оценка за 15 минут. Деньги сразу наличными. Эвакуация бесплатно.",avtovykupkhb27.ru,https://avtovykupkhb27.ru/vykup-bityh-avto?utm_source=yandex&utm_medium=cpc&utm_campaign=search_hot&utm_term=dtp,После ДТП,Не на ходу,Оценка онлайн,Позвонить
Поиск - Горячий спрос,Битые авто,Хабаровск,выкуп аварийных авто хабаровск,Фразовое,Выкуп битых авто за 15 минут,На 15% дороже конкурентов,"Покупаем авто после ДТП в любом состоянии. Оценка за 15 минут. Деньги сразу наличными. Эвакуация бесплатно.",avtovykupkhb27.ru,https://avtovykupkhb27.ru/vykup-bityh-avto?utm_source=yandex&utm_medium=cpc&utm_campaign=search_hot&utm_term=avar,После ДТП,Не на ходу,Оценка онлайн,Позвонить
Поиск - Горячий спрос,Кредитные авто,Хабаровск,выкуп кредитных авто хабаровск,Фразовое,Выкуп авто в кредите за 1 день,Поможем закрыть кредит в банке,"Выкупаем кредитные автомобили. Работаем с банками напрямую. Закрываем кредит за вас. Разница вам сразу.",avtovykupkhb27.ru,https://avtovykupkhb27.ru/vykup-kreditnyh-avto?utm_source=yandex&utm_medium=cpc&utm_campaign=search_hot&utm_term=kredit,В кредите,Закрыть кредит,Оценка авто,Позвонить
Поиск - Горячий спрос,Кредитные авто,Хабаровск,продать машину в кредите хабаровск,Фразовое,Выкуп авто в кредите за 1 день,Поможем закрыть кредит в банке,"Выкупаем кредитные автомобили. Работаем с банками напрямую. Закрываем кредит за вас. Разница вам сразу.",avtovykupkhb27.ru,https://avtovykupkhb27.ru/vykup-kreditnyh-avto?utm_source=yandex&utm_medium=cpc&utm_campaign=search_hot&utm_term=prodaty,В кредите,Закрыть кредит,Оценка авто,Позвонить
Поиск - Тёплый спрос,Общий выкуп,Хабаровск,выкуп авто хабаровск,Фразовое,Выкупаем авто на 15% дороже,Оценка за 5 минут онлайн,"Честная оценка по рынку. Деньги сразу. Оформление 30 минут. Работаем по всему краю.",avtovykupkhb27.ru,https://avtovykupkhb27.ru?utm_source=yandex&utm_medium=cpc&utm_campaign=search_warm&utm_term=vikup,Калькулятор,Отзывы,Комсомольск,Амурск
Поиск - Тёплый спрос,Общий выкуп,Хабаровск,скупка авто хабаровск,Фразовое,Выкупаем авто на 15% дороже,Оценка за 5 минут онлайн,"Честная оценка по рынку. Деньги сразу. Оформление 30 минут. Работаем по всему краю.",avtovykupkhb27.ru,https://avtovykupkhb27.ru?utm_source=yandex&utm_medium=cpc&utm_campaign=search_warm&utm_term=skupka,Калькулятор,Отзывы,Комсомольск,Амурск
Поиск - Города,Комсомольск,Комсомольск-на-Амуре,выкуп авто комсомольск на амуре,Фразовое,Выкуп авто Комсомольск-на-Амуре,За 15 минут. Деньги сразу!,"Срочный выкуп автомобилей в Комсомольске. Бесплатный выезд оценщика. Битые, кредитные, без документов.",avtovykupkhb27.ru,https://avtovykupkhb27.ru/komsomolsk?utm_source=yandex&utm_medium=cpc&utm_campaign=search_cities,Узнать цену,Битые авто,Кредитные,Позвонить